Plant ,Soil,Treatment,ID,Germination,Harvest,Days,Height,Longest,Leafnum,a,b,Area,Biomass,Growth,H.Day,LL.Day,A.Day,LN.Day,Microscopy,NM,AMF,DSE,AM.Hyphae,AM.Vesicles,AM.Arbuscules,AM.MS,DS.Hyphae,DS.MS,SequenceData,Mut.Abund,Path.Abund,DSE.Abund,AMF.Abund
Colorado,Colorado,CC,CC1A,28-Apr,5-Jul,68,4,4,10,8,6,150.7964474,0.001,1.47E-05,5.88E-02,5.88E-02,2.22E+00,1.47E-01,No,NA,NA,NA,NA,NA,NA,NA,NA,NA,No,NA,NA,NA,NA
Colorado,Colorado,CC,CC1B,16-May,5-Jul,50,13,15,34,25,20,1570.796327,0.014,0.00028,2.60E-01,3.00E-01,3.14E+01,6.80E-01,No,NA,NA,NA,NA,NA,NA,NA,NA,NA,No,NA,NA,NA,NA
Colorado,Colorado,CC,CC2A,21-Apr,5-Jul,75,31,45,146,70,60,13194.68915,0.144,0.00192,4.13E-01,6.00E-01,1.76E+02,1.95E+00,Yes,46,1,3,1,0,0,0,3,0,No,NA,NA,NA,NA
Colorado,Colorado,CC,CC3A,15-May,5-Jul,51,10,20,20,20,20,1256.637061,0.009,0.000176471,1.96E-01,3.92E-01,2.46E+01,3.92E-01,No,NA,NA,NA,NA,NA,NA,NA,NA,NA,No,NA,NA,NA,NA
Colorado,Colorado,CC,CC4A,11-May,5-Jul,55,14,15,38,25,19,1492.25651,0.018,0.000327273,2.55E-01,2.73E-01,2.71E+01,6.91E-01,Yes,46,0,4,0,0,0,0,4,0,No,NA,NA,NA,NA
Colorado,Colorado,CC,CC4B,14-May,5-Jul,52,16,18,30,24,23,1734.159145,0.014,0.000269231,3.08E-01,3.46E-01,3.33E+01,5.77E-01,No,NA,NA,NA,NA,NA,NA,NA,NA,NA,No,NA,NA,NA,NA
Colorado,Colorado,CC,CC5A,11-May,5-Jul,55,10,11,16,17,17,907.9202769,0.007,0.000127273,1.82E-01,2.00E-01,1.65E+01,2.91E-01,No,NA,NA,NA,NA,NA,NA,NA,NA,NA,No,NA,NA,NA,NA
Colorado,Colorado,CC,CC6A,11-May,5-Jul,55,9,13,16,23,20,1445.132621,0.006,0.000109091,1.64E-01,2.36E-01,2.63E+01,2.91E-01,No,NA,NA,NA,NA,NA,NA,NA,NA,NA,No,NA,NA,NA,NA
Colorado,Colorado,CC,CC7A,19-May,5-Jul,47,17,17,44,30,23,2167.698931,0.015,0.000319149,3.62E-01,3.62E-01,4.61E+01,9.36E-01,Yes,46,0,4,0,0,0,0,4,0,No,NA,NA,NA,NA
Colorado,Colorado,CC,CC8A,23-Apr,5-Jul,73,12,13,36,21,17,1121.548577,0.018,0.000246575,1.64E-01,1.78E-01,1.54E+01,4.93E-01,Yes,30,9,13,9,1,0,0,13,0,No,NA,NA,NA,NA
Colorado,Colorado,CC,CC8B,27-Apr,5-Jul,69,17,17,32,25,20,1570.796327,0.015,0.000217391,2.46E-01,2.46E-01,2.28E+01,4.64E-01,No,NA,NA,NA,NA,NA,NA,NA,NA,NA,No,NA,NA,NA,NA
Colorado,Colorado,CC,CC9A,5-Apr,5-Jul,91,22,36,176,62,57,11102.38844,0.218,0.002395604,2.42E-01,3.96E-01,1.22E+02,1.93E+00,Yes,44,3,3,3,0,0,0,3,0,Yes,0.000310554,0.000186354,0.000186354,0
Colorado,Colorado,CC,CC10A,21-Apr,5-Jul,75,23,23,60,37,37,4300.840343,0.032,0.000426667,3.07E-01,3.07E-01,5.73E+01,8.00E-01,Yes,45,0,5,0,0,0,0,5,0,No,NA,NA,NA,NA
Colorado,Colorado,CC,CC10B,11-May,5-Jul,55,22,22,38,28,25,2199.114858,0.024,0.000436364,4.00E-01,4.00E-01,4.00E+01,6.91E-01,No,NA,NA,NA,NA,NA,NA,NA,NA,NA,No,NA,NA,NA,NA
Colorado,Colorado,CC,CC11A,27-Apr,5-Jul,69,6,10,30,19,15,895.3539063,0.007,0.000101449,8.70E-02,1.45E-01,1.30E+01,4.35E-01,No,NA,NA,NA,NA,NA,NA,NA,NA,NA,No,NA,NA,NA,NA
Colorado,Colorado,CC,CC12A,22-Apr,5-Jul,74,16,19,58,15,24,1130.973355,0.024,0.000324324,2.16E-01,2.57E-01,1.53E+01,7.84E-01,Yes,44,0,6,0,0,0,0,5,1,No,NA,NA,NA,NA
Colorado,Colorado,CC,CC13A,4-May,5-Jul,62,18,19,36,20,15,942.4777961,0.014,0.000225806,2.90E-01,3.06E-01,1.52E+01,5.81E-01,No,NA,NA,NA,NA,NA,NA,NA,NA,NA,No,NA,NA,NA,NA
Colorado,Colorado,CC,CC13B,11-May,5-Jul,55,17,17,24,21,18,1187.522023,0.01,0.000181818,3.09E-01,3.09E-01,2.16E+01,4.36E-01,No,NA,NA,NA,NA,NA,NA,NA,NA,NA,No,NA,NA,NA,NA
Colorado,Colorado,CC,CC13C,12-May,5-Jul,54,5,5,10,8,8,201.0619298,0.003,5.56E-05,9.26E-02,9.26E-02,3.72E+00,1.85E-01,No,NA,NA,NA,NA,NA,NA,NA,NA,NA,No,NA,NA,NA,NA
Colorado,Colorado,CC,CC13D,21-May,5-Jul,45,8,10,16,18,15,848.2300165,0.006,0.000133333,1.78E-01,2.22E-01,1.88E+01,3.56E-01,No,NA,NA,NA,NA,NA,NA,NA,NA,NA,No,NA,NA,NA,NA
Colorado,Colorado,CC,CC14A,11-May,5-Jul,55,16,17,26,18,17,961.327352,0.008,0.000145455,2.91E-01,3.09E-01,1.75E+01,4.73E-01,No,NA,NA,NA,NA,NA,NA,NA,NA,NA,No,NA,NA,NA,NA
Colorado,Colorado,CC,CC15A,23-Apr,5-Jul,73,15,17,70,29,26,2368.760861,0.032,0.000438356,2.05E-01,2.33E-01,3.24E+01,9.59E-01,Yes,43,0,7,0,0,0,0,7,0,No,NA,NA,NA,NA
Colorado,Colorado,CC,CC15B,18-May,5-Jul,48,6,6,12,9,9,254.4690049,0.004,8.33E-05,1.25E-01,1.25E-01,5.30E+00,2.50E-01,No,NA,NA,NA,NA,NA,NA,NA,NA,NA,No,NA,NA,NA,NA
Colorado,Colorado,CC,CC16A,22-Apr,5-Jul,74,19,20,66,35,28,3078.760801,0.057,0.00077027,2.57E-01,2.70E-01,4.16E+01,8.92E-01,Yes,44,3,3,3,0,0,0,3,0,No,NA,NA,NA,NA
Colorado,Colorado,CC,CC16B,22-Apr,5-Jul,74,6,6,12,11,10,345.5751919,0.001,1.35E-05,8.11E-02,8.11E-02,4.67E+00,1.62E-01,No,NA,NA,NA,NA,NA,NA,NA,NA,NA,No,NA,NA,NA,NA
Colorado,Colorado,CC,CC16C,12-May,5-Jul,54,10,11,16,20,15,942.4777961,0.006,0.000111111,1.85E-01,2.04E-01,1.75E+01,2.96E-01,No,NA,NA,NA,NA,NA,NA,NA,NA,NA,No,NA,NA,NA,NA
Colorado,Colorado,CC,CC17A,26-Apr,5-Jul,70,18,18,44,26,24,1960.353816,0.025,0.000357143,2.57E-01,2.57E-01,2.80E+01,6.29E-01,No,NA,NA,NA,NA,NA,NA,NA,NA,NA,No,NA,NA,NA,NA
Colorado,Colorado,CC,CC17B,27-Apr,5-Jul,69,22,25,68,36,35,3958.406744,0.044,0.000637681,3.19E-01,3.62E-01,5.74E+01,9.86E-01,Yes,49,0,1,0,0,0,0,1,0,No,NA,NA,NA,NA
Colorado,Colorado,CC,CC18A,22-Apr,5-Jul,74,20,23,22,35,18,1979.203372,0.013,0.000175676,2.70E-01,3.11E-01,2.67E+01,2.97E-01,No,NA,NA,NA,NA,NA,NA,NA,NA,NA,No,NA,NA,NA,NA
Colorado,Colorado,CC,CC18B,22-Apr,5-Jul,74,18,22,70,33,31,3213.849285,0.035,0.000472973,2.43E-01,2.97E-01,4.34E+01,9.46E-01,Yes,45,0,5,0,0,0,0,5,0,No,NA,NA,NA,NA
Colorado,Ireland,CI,CI1A,11-May,5-Jul,55,18,22,70,44,42,5805.663224,0.039,0.000709091,3.27E-01,4.00E-01,1.06E+02,1.27E+00,Yes,48,0.5,2,0.5,0,0,0,2,0,No,NA,NA,NA,NA
Colorado,Ireland,CI,CI1B,13-May,5-Jul,53,21,24,52,39,35,4288.273972,0.025,0.000471698,3.96E-01,4.53E-01,8.09E+01,9.81E-01,No,NA,NA,NA,NA,NA,NA,NA,NA,NA,No,NA,NA,NA,NA
Colorado,Ireland,CI,CI2A,11-May,5-Jul,55,26,27,5,45,39,5513.495107,0.035,0.000636364,4.73E-01,4.91E-01,1.00E+02,9.09E-02,No,NA,NA,NA,NA,NA,NA,NA,NA,NA,No,NA,NA,NA,NA
Colorado,Ireland,CI,CI3A,14-May,5-Jul,52,16,19,28,30,26,2450.44227,0.017,0.000326923,3.08E-01,3.65E-01,4.71E+01,5.38E-01,No,NA,NA,NA,NA,NA,NA,NA,NA,NA,No,NA,NA,NA,NA
Colorado,Ireland,CI,CI4A,15-May,5-Jul,51,22,23,44,32,28,2814.867018,0.023,0.00045098,4.31E-01,4.51E-01,5.52E+01,8.63E-01,No,NA,NA,NA,NA,NA,NA,NA,NA,NA,No,NA,NA,NA,NA
Colorado,Ireland,CI,CI5A,23-Apr,5-Jul,73,26,28,62,39,37,4533.318199,0.053,0.000726027,3.56E-01,3.84E-01,6.21E+01,8.49E-01,Yes,30,17,5,17,0.5,0,0,5,0,Yes,0.0001863,0,0.0001242,0
Colorado,Ireland,CI,CI5B,5-Jun,5-Jul,30,15,15,12,17,17,907.9202769,0.003,0.0001,5.00E-01,5.00E-01,3.03E+01,4.00E-01,No,NA,NA,NA,NA,NA,NA,NA,NA,NA,No,NA,NA,NA,NA
Colorado,Ireland,CI,CI6A,15-May,5-Jul,51,23,25,40,30,27,2544.690049,0.021,0.000411765,4.51E-01,4.90E-01,4.99E+01,7.84E-01,No,NA,NA,NA,NA,NA,NA,NA,NA,NA,No,NA,NA,NA,NA
Colorado,Ireland,CI,CI6B,14-Jun,5-Jul,21,6,6,6,12,11,414.6902303,0.001,4.76E-05,2.86E-01,2.86E-01,1.97E+01,2.86E-01,No,NA,NA,NA,NA,NA,NA,NA,NA,NA,No,NA,NA,NA,NA
Colorado,Ireland,CI,CI7A,23-Apr,5-Jul,73,23,25,70,43,42,5673.716332,0.05,0.000684932,3.15E-01,3.42E-01,7.77E+01,9.59E-01,Yes,43,3,6,3,1,0,0,6,0,Yes,0.001056026,0.000186354,0.000186354,0.0000621
Colorado,Ireland,CI,CI8A,23-Apr,5-Jul,73,23,23,114,41,38,4894.601354,0.056,0.000767123,3.15E-01,3.15E-01,6.70E+01,1.56E+00,Yes,37,6,11,6,0,0,0,11,0,Yes,0.023918904,0.001615254,0,0
Colorado,Ireland,CI,CI9A,21-Apr,5-Jul,75,17,17,28,25,20,1570.796327,0.012,0.00016,2.27E-01,2.27E-01,2.09E+01,3.73E-01,No,NA,NA,NA,NA,NA,NA,NA,NA,NA,No,NA,NA,NA,NA
Colorado,Ireland,CI,CI10A,23-Apr,5-Jul,73,25,25,76,43,40,5403.539364,0.037,0.000506849,3.42E-01,3.42E-01,7.40E+01,1.04E+00,Yes,47,2,1,2,0,0,0,1,0,No,NA,NA,NA,NA
Colorado,Ireland,CI,CI11A,21-Apr,5-Jul,75,10,10,46,22,19,1313.185729,0.026,0.000346667,1.33E-01,1.33E-01,1.75E+01,6.13E-01,No,NA,NA,NA,NA,NA,NA,NA,NA,NA,No,NA,NA,NA,NA
Colorado,Ireland,CI,CI11B,27-Apr,5-Jul,69,19,19,62,33,28,2902.831612,0.021,0.000304348,2.75E-01,2.75E-01,4.21E+01,8.99E-01,Yes,49,0,1,0,0,0,0,1,0,No,NA,NA,NA,NA
Colorado,Ireland,CI,CI11C,11-May,5-Jul,55,5,5,8,10,7,219.9114858,0.001,1.82E-05,9.09E-02,9.09E-02,4.00E+00,1.45E-01,No,NA,NA,NA,NA,NA,NA,NA,NA,NA,No,NA,NA,NA,NA
Colorado,Ireland,CI,CI11D,11-May,5-Jul,55,6,6,16,11,10,345.5751919,0.001,1.82E-05,1.09E-01,1.09E-01,6.28E+00,2.91E-01,No,NA,NA,NA,NA,NA,NA,NA,NA,NA,No,NA,NA,NA,NA
Colorado,Ireland,CI,CI12A,23-Apr,5-Jul,73,24,24,54,35,33,3628.539515,0.031,0.000424658,3.29E-01,3.29E-01,4.97E+01,7.40E-01,Yes,49,0,1,0,0,0,0,1,0,No,NA,NA,NA,NA
Colorado,Ireland,CI,CI12B,18-May,5-Jul,48,20,20,16,15,12,565.4866776,0.001,2.08E-05,4.17E-01,4.17E-01,1.18E+01,3.33E-01,No,NA,NA,NA,NA,NA,NA,NA,NA,NA,No,NA,NA,NA,NA
Colorado,Ireland,CI,CI13A,31-Mar,5-Jul,96,22,25,100,48,45,6785.840132,0.061,0.000635417,2.29E-01,2.60E-01,7.07E+01,1.04E+00,Yes,40,5,5,5,0,0,0,5,0,No,NA,NA,NA,NA
Colorado,Ireland,CI,CI13B,13-May,5-Jul,53,15,16,18,20,18,1130.973355,0.007,0.000132075,2.83E-01,3.02E-01,2.13E+01,3.40E-01,No,NA,NA,NA,NA,NA,NA,NA,NA,NA,No,NA,NA,NA,NA
Colorado,Ireland,CI,CI14A,20-Apr,5-Jul,76,20,22,72,36,36,4071.504079,0.038,0.0005,2.63E-01,2.89E-01,5.36E+01,9.47E-01,Yes,50,0,0,0,0,0,0,0,0,No,NA,NA,NA,NA
Colorado,Ireland,CI,CI14B,28-May,5-Jul,38,9,9,12,16,14,703.7167544,0.003,7.89E-05,2.37E-01,2.37E-01,1.85E+01,3.16E-01,No,NA,NA,NA,NA,NA,NA,NA,NA,NA,No,NA,NA,NA,NA
Colorado,Ireland,CI,CI15A,23-Apr,5-Jul,73,20,21,60,38,32,3820.176667,0.041,0.000561644,2.74E-01,2.88E-01,5.23E+01,8.22E-01,Yes,42,6,2,5,1,0,0,2,0,No,NA,NA,NA,NA
Colorado,Ireland,CI,CI16A,13-May,5-Jul,53,16,18,24,18,18,1017.87602,0.008,0.000150943,3.02E-01,3.40E-01,1.92E+01,4.53E-01,No,NA,NA,NA,NA,NA,NA,NA,NA,NA,No,NA,NA,NA,NA
Colorado,Ireland,CI,CI16B,18-May,5-Jul,48,17,17,16,18,18,1017.87602,0.005,0.000104167,3.54E-01,3.54E-01,2.12E+01,3.33E-01,No,NA,NA,NA,NA,NA,NA,NA,NA,NA,No,NA,NA,NA,NA
Colorado,Ireland,CI,CI17A,3-May,5-Jul,63,23,23,58,37,33,3835.88463,0.027,0.000428571,3.65E-01,3.65E-01,6.09E+01,9.21E-01,Yes,45,1,4,1,1,0,0,4,1,No,NA,NA,NA,NA
Colorado,Ireland,CI,CI17B,11-May,5-Jul,55,20,20,38,27,20,1696.460033,0.015,0.000272727,3.64E-01,3.64E-01,3.08E+01,6.91E-01,No,NA,NA,NA,NA,NA,NA,NA,NA,NA,No,NA,NA,NA,NA
Colorado,Ireland,CI,CI17C,11-May,5-Jul,55,23,23,28,25,24,1884.955592,0.011,0.0002,4.18E-01,4.18E-01,3.43E+01,5.09E-01,No,NA,NA,NA,NA,NA,NA,NA,NA,NA,No,NA,NA,NA,NA
Colorado,Ireland,CI,CI17D,16-May,5-Jul,50,19,19,38,27,24,2035.75204,0.017,0.00034,3.80E-01,3.80E-01,4.07E+01,7.60E-01,No,NA,NA,NA,NA,NA,NA,NA,NA,NA,No,NA,NA,NA,NA
Colorado,Ireland,CI,CI18A,11-May,5-Jul,55,23,23,44,31,28,2726.902423,0.021,0.000381818,4.18E-01,4.18E-01,4.96E+01,8.00E-01,No,NA,NA,NA,NA,NA,NA,NA,NA,NA,No,NA,NA,NA,NA
Ireland,Ireland,II,II1A,14-May,5-Jul,52,10,10,16,18,16,904.7786842,0.007,0.000134615,1.92E-01,1.92E-01,1.74E+01,3.08E-01,No,NA,NA,NA,NA,NA,NA,NA,NA,NA,No,NA,NA,NA,NA
Ireland,Ireland,II,II1B,30-May,5-Jul,36,5,6,10,14,11,483.8052687,0.003,8.33E-05,1.39E-01,1.67E-01,1.34E+01,2.78E-01,No,NA,NA,NA,NA,NA,NA,NA,NA,NA,No,NA,NA,NA,NA
Ireland,Ireland,II,II2A,14-May,5-Jul,52,8,9,32,18,16,904.7786842,0.012,0.000230769,1.54E-01,1.73E-01,1.74E+01,6.15E-01,No,NA,NA,NA,NA,NA,NA,NA,NA,NA,No,NA,NA,NA,NA
Ireland,Ireland,II,II2B,15-May,5-Jul,51,14,14,24,18,16,904.7786842,0.007,0.000137255,2.75E-01,2.75E-01,1.77E+01,4.71E-01,Yes,46,0,4,0,0,0,0,4,0,Yes,0.000869699,0.0000621,0.000310582,0.0000621
Ireland,Ireland,II,II3A,23-May,5-Jul,43,11,8,28,17,15,801.1061267,0.008,0.000186047,2.56E-01,1.86E-01,1.86E+01,6.51E-01,Yes,46,0,4,0,0,0,0,4,0,No,NA,NA,NA,NA
Ireland,Ireland,II,II4A,23-Apr,5-Jul,73,10,8,36,20,13,816.8140899,0.01,0.000136986,1.37E-01,1.10E-01,1.12E+01,4.93E-01,Yes,49,1,1,1,0,0,0,1,0,Yes,0.007268833,0,0.006709742,0
Ireland,Ireland,II,II5A,26-Apr,5-Jul,70,10,11,62,22,20,1382.300768,0.026,0.000371429,1.43E-01,1.57E-01,1.97E+01,8.86E-01,Yes,42,0,8,0,0,0,0,8,1,Yes,0.000248454,0.0001242,0.000186354,0
Ireland,Ireland,II,II5B,27-Apr,5-Jul,69,7,7,16,12,9,339.2920066,0.004,5.80E-05,1.01E-01,1.01E-01,4.92E+00,2.32E-01,No,NA,NA,NA,NA,NA,NA,NA,NA,NA,No,NA,NA,NA,NA
Ireland,Ireland,II,II6A,21-Apr,5-Jul,75,13,13,68,22,18,1244.070691,0.03,0.0004,1.73E-01,1.73E-01,1.66E+01,9.07E-01,Yes,45,1,5,1,0,0,0,1,5,No,NA,NA,NA,NA
Ireland,Ireland,II,II6B,23-Apr,5-Jul,73,10,10,60,18,15,848.2300165,0.022,0.00030137,1.37E-01,1.37E-01,1.16E+01,8.22E-01,No,NA,NA,NA,NA,NA,NA,NA,NA,NA,No,NA,NA,NA,NA
Ireland,Ireland,II,II7A,22-Apr,5-Jul,74,14,14,92,23,22,1589.645883,0.048,0.000648649,1.89E-01,1.89E-01,2.15E+01,1.24E+00,No,NA,NA,NA,NA,NA,NA,NA,NA,NA,Yes,0.00229868,0.023484068,0.002174426,0
Ireland,Ireland,II,II8A,18-Apr,5-Jul,78,16,16,108,26,22,1796.990998,0.05,0.000641026,2.05E-01,2.05E-01,2.30E+01,1.38E+00,Yes,40,3,8,3,1,0,0,8,0,Yes,0.376491026,0.037586951,0.129224652,0
Ireland,Ireland,II,II9A,22-Apr,5-Jul,74,5,5,22,12,10,376.9911184,0.012,0.000162162,6.76E-02,6.76E-02,5.09E+00,2.97E-01,No,NA,NA,NA,NA,NA,NA,NA,NA,NA,No,NA,NA,NA,NA
Ireland,Ireland,II,II9B,27-Apr,5-Jul,69,10,10,46,15,11,518.3627878,0.016,0.000231884,1.45E-01,1.45E-01,7.51E+00,6.67E-01,No,NA,NA,NA,NA,NA,NA,NA,NA,NA,No,NA,NA,NA,NA
Ireland,Ireland,II,II9C,19-May,5-Jul,47,11,11,12,14,12,527.7875658,0.003,6.38E-05,2.34E-01,2.34E-01,1.12E+01,2.55E-01,No,NA,NA,NA,NA,NA,NA,NA,NA,NA,No,NA,NA,NA,NA
Ireland,Ireland,II,II9D,28-May,5-Jul,38,7,7,12,14,11,483.8052687,0.002,5.26E-05,1.84E-01,1.84E-01,1.27E+01,3.16E-01,No,NA,NA,NA,NA,NA,NA,NA,NA,NA,No,NA,NA,NA,NA
Ireland,Ireland,II,II10A,23-Apr,5-Jul,73,5,8,16,14,6,263.8937829,0.008,0.000109589,6.85E-02,1.10E-01,3.61E+00,2.19E-01,No,NA,NA,NA,NA,NA,NA,NA,NA,NA,No,NA,NA,NA,NA
Ireland,Ireland,II,II11A,22-Apr,5-Jul,74,9,9,42,16,12,603.1857895,0.016,0.000216216,1.22E-01,1.22E-01,8.15E+00,5.68E-01,No,NA,NA,NA,NA,NA,NA,NA,NA,NA,No,NA,NA,NA,NA
Ireland,Ireland,II,II12A,11-May,5-Jul,55,8,9,22,17,15,801.1061267,0.008,0.000145455,1.45E-01,1.64E-01,1.46E+01,4.00E-01,Yes,47,0,3,0,0,0,0,3,3,No,NA,NA,NA,NA
Ireland,Ireland,II,II12B,14-May,5-Jul,52,12,12,12,15,12,565.4866776,0.004,7.69E-05,2.31E-01,2.31E-01,1.09E+01,2.31E-01,No,NA,NA,NA,NA,NA,NA,NA,NA,NA,No,NA,NA,NA,NA
Ireland,Ireland,II,II13A,3-May,5-Jul,63,6,9,36,17,16,854.5132018,0.01,0.00015873,9.52E-02,1.43E-01,1.36E+01,5.71E-01,No,NA,NA,NA,NA,NA,NA,NA,NA,NA,No,NA,NA,NA,NA
Ireland,Ireland,II,II13B,6-May,5-Jul,60,7,7,28,14,13,571.769863,0.009,0.00015,1.17E-01,1.17E-01,9.53E+00,4.67E-01,No,NA,NA,NA,NA,NA,NA,NA,NA,NA,No,NA,NA,NA,NA
Ireland,Ireland,II,II14A,28-Apr,5-Jul,68,12,12,56,20,18,1130.973355,0.021,0.000308824,1.76E-01,1.76E-01,1.66E+01,8.24E-01,Yes,40,0,10,0,0,0,0,9,3,Yes,0.051130688,0.004411034,0.028702783,0
Ireland,Ireland,II,II14B,4-May,5-Jul,62,15,15,62,20,19,1193.805208,0.028,0.000451613,2.42E-01,2.42E-01,1.93E+01,1.00E+00,No,NA,NA,NA,NA,NA,NA,NA,NA,NA,No,NA,NA,NA,NA
Ireland,Ireland,II,II15A,18-Apr,5-Jul,78,15,15,80,23,18,1300.619359,0.052,0.000666667,1.92E-01,1.92E-01,1.67E+01,1.03E+00,Yes,42,0.5,8,0.5,0.5,0,0,8,0,Yes,0.01317092,0.0001242,0.0000621,0
Ireland,Ireland,II,II16A,27-Apr,5-Jul,69,8,10,56,20,16,1005.309649,0.025,0.000362319,1.16E-01,1.45E-01,1.46E+01,8.12E-01,Yes,39,0,11,0,0,0,0,11,0.5,Yes,0.389289155,0.0000621,0.0001242,0.0000621
Ireland,Ireland,II,II16B,3-May,5-Jul,63,8,10,14,21,18,1187.522023,0.014,0.000222222,1.27E-01,1.59E-01,1.88E+01,2.22E-01,No,NA,NA,NA,NA,NA,NA,NA,NA,NA,No,NA,NA,NA,NA
Ireland,Ireland,II,II17A,18-Apr,5-Jul,78,7,9,52,23,17,1228.362728,0.028,0.000358974,8.97E-02,1.15E-01,1.57E+01,6.67E-01,Yes,32,15,9,15,3,0,0,9,0,No,NA,NA,NA,NA
Ireland,Ireland,II,II18A,22-Apr,5-Jul,74,7,7,24,14,11,483.8052687,0.017,0.00022973,9.46E-02,9.46E-02,6.54E+00,3.24E-01,No,NA,NA,NA,NA,NA,NA,NA,NA,NA,No,NA,NA,NA,NA
Ireland,Colorado,IC,IC1A,21-Apr,5-Jul,75,15,15,88,22,18,1244.070691,0.048,0.00064,2.00E-01,2.00E-01,1.66E+01,1.17E+00,Yes,43,1,6,1,0,0,0,6,0,Yes,0.002049981,0.000496908,0.000745336,0
Ireland,Colorado,IC,IC1B,29-Apr,5-Jul,67,13,13,64,22,18,1244.070691,0.026,0.00038806,1.94E-01,1.94E-01,1.86E+01,9.55E-01,No,NA,NA,NA,NA,NA,NA,NA,NA,NA,No,NA,NA,NA,NA
Ireland,Colorado,IC,IC2A,27-Apr,5-Jul,69,12,12,52,22,20,1382.300768,0.032,0.000463768,1.74E-01,1.74E-01,2.00E+01,7.54E-01,No,NA,NA,NA,NA,NA,NA,NA,NA,NA,No,NA,NA,NA,NA
Ireland,Colorado,IC,IC3A,27-Apr,5-Jul,69,15,15,66,25,23,1806.415776,0.047,0.000681159,2.17E-01,2.17E-01,2.62E+01,9.57E-01,Yes,36,4,10,4,1,0,0,10,1,Yes,0.003976007,0.308213221,0.003665453,0
Ireland,Colorado,IC,IC4A,31-Mar,5-Jul,96,18,18,160,44,36,4976.282763,0.154,0.001604167,1.88E-01,1.88E-01,5.18E+01,1.67E+00,Yes,45,0.5,5,0.5,0,0,0,5,0,Yes,0.158983489,0.008262896,0.157927408,0
Ireland,Colorado,IC,IC4B,13-Apr,5-Jul,83,18,13,140,32,32,3216.990877,0.086,0.001036145,2.17E-01,1.57E-01,3.88E+01,1.69E+00,No,NA,NA,NA,NA,NA,NA,NA,NA,NA,No,NA,NA,NA,NA
Ireland,Colorado,IC,IC5A,23-Apr,5-Jul,73,12,12,96,22,18,1244.070691,0.03,0.000410959,1.64E-01,1.64E-01,1.70E+01,1.32E+00,No,NA,NA,NA,NA,NA,NA,NA,NA,NA,No,NA,NA,NA,NA
Ireland,Colorado,IC,IC6A,6-Apr,5-Jul,90,15,15,96,17,15,801.1061267,0.055,0.000611111,1.67E-01,1.67E-01,8.90E+00,1.07E+00,No,NA,NA,NA,NA,NA,NA,NA,NA,NA,No,NA,NA,NA,NA
Ireland,Colorado,IC,IC7A,23-Apr,5-Jul,73,17,17,120,38,28,3342.654583,0.067,0.000917808,2.33E-01,2.33E-01,4.58E+01,1.64E+00,Yes,37,2,11,2,1,0,0,11,1,Yes,0.04740308,0.001615308,0.04696819,0
Ireland,Colorado,IC,IC8A,23-Apr,5-Jul,73,17,17,108,26,22,1796.990998,0.056,0.000767123,2.33E-01,2.33E-01,2.46E+01,1.48E+00,Yes,28,13,10,13,4,0,0,10,2,Yes,0.098844352,0.067780815,0.096794235,0.001615308
Ireland,Colorado,IC,IC8B,25-Apr,5-Jul,71,9,9,32,12,11,414.6902303,0.012,0.000169014,1.27E-01,1.27E-01,5.84E+00,4.51E-01,No,NA,NA,NA,NA,NA,NA,NA,NA,NA,No,NA,NA,NA,NA
Ireland,Colorado,IC,IC9A,19-Apr,5-Jul,77,12,12,98,21,18,1187.522023,0.044,0.000571429,1.56E-01,1.56E-01,1.54E+01,1.27E+00,Yes,48,0,2,0,0,0,0,1,1,Yes,0.021558124,0.001056163,0.019073035,0.002174453
Ireland,Colorado,IC,IC10A,21-Apr,5-Jul,75,11,11,52,19,16,955.0441667,0.02,0.000266667,1.47E-01,1.47E-01,1.27E+01,6.93E-01,No,NA,NA,NA,NA,NA,NA,NA,NA,NA,No,NA,NA,NA,NA
Ireland,Colorado,IC,IC10B,22-Apr,5-Jul,74,13,13,88,20,16,1005.309649,0.025,0.000337838,1.76E-01,1.76E-01,1.36E+01,1.19E+00,No,NA,NA,NA,NA,NA,NA,NA,NA,NA,No,NA,NA,NA,NA
Ireland,Colorado,IC,IC11A,26-Apr,5-Jul,70,11,11,64,18,15,848.2300165,0.03,0.000428571,1.57E-01,1.57E-01,1.21E+01,9.14E-01,No,NA,NA,NA,NA,NA,NA,NA,NA,NA,No,NA,NA,NA,NA
Ireland,Colorado,IC,IC12A,31-Mar,5-Jul,96,14,14,46,16,12,603.1857895,0.014,0.000145833,1.46E-01,1.46E-01,6.28E+00,4.79E-01,No,NA,NA,NA,NA,NA,NA,NA,NA,NA,No,NA,NA,NA,NA
Ireland,Colorado,IC,IC13A,31-Mar,5-Jul,96,20,20,116,43,34,4593.00846,0.111,0.00115625,2.08E-01,2.08E-01,4.78E+01,1.21E+00,Yes,41,2,7,2,0,0,1,5,2,Yes,0.300944307,0.003541252,0.300757953,0
Ireland,Colorado,IC,IC13B,27-Apr,5-Jul,69,12,12,74,21,12,791.6813487,0.031,0.000449275,1.74E-01,1.74E-01,1.15E+01,1.07E+00,No,NA,NA,NA,NA,NA,NA,NA,NA,NA,No,NA,NA,NA,NA
Ireland,Colorado,IC,IC13C,27-Apr,5-Jul,69,17,17,92,32,27,2714.336053,0.06,0.000869565,2.46E-01,2.46E-01,3.93E+01,1.33E+00,No,NA,NA,NA,NA,NA,NA,NA,NA,NA,No,NA,NA,NA,NA
Ireland,Colorado,IC,IC13D,27-Apr,5-Jul,69,6,10,20,20,17,1068.141502,0.018,0.00026087,8.70E-02,1.45E-01,1.55E+01,2.90E-01,No,NA,NA,NA,NA,NA,NA,NA,NA,NA,No,NA,NA,NA,NA
Ireland,Colorado,IC,IC14A,23-Apr,5-Jul,73,17,17,100,25,24,1884.955592,0.046,0.000630137,2.33E-01,2.33E-01,2.58E+01,1.37E+00,Yes,47,0,3,0,0,0,0,,0,Yes,0.000124254,0.0000621,0,0
Ireland,Colorado,IC,IC15A,21-Apr,5-Jul,75,12,12,86,21,19,1253.495469,0.033,0.00044,1.60E-01,1.60E-01,1.67E+01,1.15E+00,No,NA,NA,NA,NA,NA,NA,NA,NA,NA,No,NA,NA,NA,NA
Ireland,Colorado,IC,IC15B,26-Apr,5-Jul,70,19,19,90,26,22,1796.990998,0.068,0.000971429,2.71E-01,2.71E-01,2.57E+01,1.29E+00,Yes,45,1,4,0,0,0,1,3,1,Yes,0.111269827,0.013295201,0.085362797,0
Ireland,Colorado,IC,IC16A,31-Mar,5-Jul,96,16,16,148,41,32,4121.769562,0.157,0.001635417,1.67E-01,1.67E-01,4.29E+01,1.54E+00,Yes,45,1,4,1,0,0,0,4,0.5,Yes,0.048397035,0.0000621,0.043426884,0
Ireland,Colorado,IC,IC16B,26-Apr,5-Jul,70,11,11,82,21,17,1121.548577,0.046,0.000657143,1.57E-01,1.57E-01,1.60E+01,1.17E+00,No,NA,NA,NA,NA,NA,NA,NA,NA,NA,No,NA,NA,NA,NA
Ireland,Colorado,IC,IC16C,24-Jun,5-Jul,11,4,6,8,11,8,276.4601535,0.001,9.09E-05,3.64E-01,5.45E-01,2.51E+01,7.27E-01,No,NA,NA,NA,NA,NA,NA,NA,NA,NA,No,NA,NA,NA,NA
Ireland,Colorado,IC,IC17A,27-Apr,5-Jul,69,17,17,56,18,18,1017.87602,0.028,0.000405797,2.46E-01,2.46E-01,1.48E+01,8.12E-01,Yes,49,0,1,0,0,0,0,1,0,Yes,0.622576984,0.031622763,0.622452784,0
Ireland,Colorado,IC,IC17B,27-Apr,5-Jul,69,10,10,76,20,18,1130.973355,0.033,0.000478261,1.45E-01,1.45E-01,1.64E+01,1.10E+00,No,NA,NA,NA,NA,NA,NA,NA,NA,NA,No,NA,NA,NA,NA
Ireland,Colorado,IC,IC18A,19-Apr,5-Jul,77,7,10,40,17,13,694.2919764,0.02,0.00025974,9.09E-02,1.30E-01,9.02E+00,5.19E-01,No,NA,NA,NA,NA,NA,NA,NA,NA,NA,No,NA,NA,NA,NA
Ireland,Colorado,IC,IC18B,27-Apr,5-Jul,69,9,10,24,18,17,961.327352,0.016,0.000231884,1.30E-01,1.45E-01,1.39E+01,3.48E-01,No,NA,NA,NA,NA,NA,NA,NA,NA,NA,No,NA,NA,NA,NA